Book ID,Original Title,Original_Title_VIAF-URI,Original_Title_Wikidata-URI,Instance of Work,Instance_of_Work_Wikidata,Author,Author_VIAF_URI,Author_Wikidata_URI,Background of Indigenous Author,Source Background for Indigenous Author,FirstNation_band_Author_Wikidata_URI,IndigenousGroup_Indigenous_Author_Wikidata_URI,Ethnic_Group_Indigenous_Author_Wikidata_URI,Ethnic_Group_non-Indigenous_Author,Ethnic_Group_non-Indigenous_Author_Wikidata_URI,Source Background for non-Indigenous Author,Contributor,Contributor_VIAF_URI,Contributor_Wikidata_URI,Publisher,Publisher_VIAF_URI,Publisher_Wikidata_URI,Year Published,Subject Heading,Xwi7xwa Classification System,Language,ISBN-13
Book001,The Medicine of Peace Indigenous Youth Decolonizing Healing and Resisting Violence,,,,,"Ansloos, Jeffrey Paul","Ansloos, Jeffrey Paul",,Fisher River Cree Nation,"Cree and citizen of Fisher River Cree Nation (Ochekwi-Sipi; Treaty 5 per University of Toronto bio, discover.research.utoronto.ca/24795-jeffrey-ansloos",Fisher River Cree Nation,,,,,,,,,Fernwood Publishing,,Fernwood Publishing,2017,"History - Canada; Health; Development, Law, Governance; Rights & Title",CA-CG; S; F-K; M,en,9781552669563
,,,,,,,,,English Canadians,"English Canadian per University of Toronto bio, discover.research.utoronto.ca/24795-jeffrey-ansloos",,,English Canada,,,,,,,,,,,,,,
Book002,Strong helpers' teachings: The value of Indigenous knowledges in the helping professions,,,,,"Baskin, Cyndy","Baskin, Cyndy, 1957-",,Mi'kmaq,"Mi'kmaq per bio on Festival of Authors, festivalofauthors.ca/book-author/cyndy-baskin. Aka - Mi’kmaw (Q495751) First Nations people of the Northeastern Woodlands Mi'kmaq people, Micmacs, Mi'kmaq, L'nu wikidata.org/wiki/Q495751",,,Mi’kmaw,,,,,,,Canadian Scholars' Press.,Canadian Scholars' Press.,,2016,"Health; Development, Law, Governance; Rights & Title; History - Canada ",S; F-K; M; CA-CG ,en,9781773383309
,,,,,,,,,Celtic Ancestry,"Celtic descent per festivalofauthors.ca/book-author/cyndy-baskin). Wikidata included Celtic Britons (60), Irish people (50), Bretons (50). As none of those options were clearly related it has been left as a literal. ",,,,,,,,,,,,,,,,,
Book003,Sacred Ecology: Traditional Ecological Knowledge and Resource Management,,,,,"Berkes, Fikret","Berkes, Fikret.",,,,,,,Turkish Canadians,Turkish Canadians,Per DBPedia page - dbc:Canadian_ecologists and dbc:Turkish_emigrants_to_Canada.,,,,Routledge Taylor & Francis Group,,Routledge,2012,Environment,N,en,9781560326953
Book004,As We Have Always Done Indigenous Freedom through Radical Resistance,,As We Have Always Done: Indigenous Freedom Through Radical Resistance,,,"Betasamosake Simpson, Leanne","Betasamosake-Simpson, Leanne",,Michi Saagiig Nishnaabeg,"Michi Saagiig Nishnaabeg per author's website (leannesimpson.ca). Per wikidata entry, ""subtribe of the First Nations people in southern Ontario, Canada
Michi Saagiig, Michi Saagiig Anishinaabe, Michi Saagiig Nishnaabeg ",,,Mississaugas,,,,,,,University of Minnesota Press,,University of Minnesota Press,2020,"Rights & Title; Development, Law, Governance; History - Canada;",M; F-K; CA-CG,en,9781517903879
,,,,,,,,,Alderville First Nation,Member of Alderville First Nation (per leannesimpson.ca),Alderville First Nation,,,,,,,,,,,,,,,,
Book005,"Revered Roots: Ancestral Teachings and Wisdom of Wild, Edible, and Medicinal Plants",,,,,"Bird, LoriAnn","Bird, LoriAnn",,Refugee of the Red River Métis Nation,Refugee of the Red River Métis Nation (per loriannbird.ca). Left as literal due to option was not available on Wikidata.,,,,,,,,,,Cool Springs Press,Cool Springs Press,,2025,Ethnobotany; History - North America,SN; CU-CX,en,9780760393253
Book006,We Survived the Night,,,,,"Brave NoiseCat, Julian ","NoiseCat, Julian Brave",,Lil'wat First Nation,Descendant of the Lil'Wat Nation of Mount Currie (per julianbravenoisecat.com),Lil'wat First Nation,,,,,,,,,Knopf,,Knopf,2025,Arts; Worldview; Knowledge Keeping; History - North America; ,W; Y; T; CU-CX,en,9780593320785
,,,,,,,,,Tsq'escen' First Nation,Member of the Canim Lake Band Tsq'escen (per julianbravenoisecat.com),Tsq'escen' First Nation,,,,,,,,,,,,,,,,
Book007,Indigenizing Philosophy through the Land: A Trickster Methodology for Decolonizing Environmental Ethics and Indigenous Futures,,,,,"Burkhart, Brian","Burkhart, Brian.",,Cherokee Nation,Cherokee Nation of Oklahoma citizen (per inhabitingtheanthropocene.com),,Cherokee Nation,,,,,,,,Michigan State University Press,,Michigan State University Press,2019,Knowledge Keeping; Environment; History - North America,P; N; CU-CX,en,9781611863307
Book008,First Light: Kanaka Oiwi Resistance to Settler Science at Mauna a Wakea,,,,,"Casumbal-Salazar, Iokepa",,Iokepa Casumbal-Salazar,Kanaka Maoli,Mixed-race Kanaka Maoli. Mother is white and from Hawaiʻi (per campusdirectory.ucsc.edu/cd_detail?uid=jsalaz27),,,Native Hawaiians,,,,,,,University of Minnesota Press,,University of Minnesota Press,2025,Science; History - North America,E; CA-CX,en,9781452974279
,,,,,,,,,Mexican Americans,Father is mixed-race; his father's parents from Mexico (per campusdirectory.ucsc.edu/cd_detail?uid=jsalaz27),,,Mexican Americans,,,,,,,,,,,,,,
Book009,"Patriagonia: Catabatica, Adiabatica, Anabatica ",,,,,"Conuecar, Ivonne ","Coñuecar, Ivonne, 1980-",,Mapuche,Mapuche people of Chile (per wikiwand.com/en/Ivonne_Co%C3%B1uecar),,,Mapuche,,,,,,,Jabali Editoras,,,2008,Arts; Literature; Worldview; Women,W; Y; T; PW,es,9789560005649
Book010,The Red Road to Wellbriety: In the Native American Way,,,,,"Coyhis, Don",,Don Coyhis,Mohican,Member of the Mohican Nation (per albertafamilywellness.org/faculty-members/don-coyhis),,,Mahican,,,,,,,"White Bison, Inc.","White Bison, Inc.",,2006,Health; History - North America,S; CU-CX,en,9780971990401
Book011,Lakota Woman,,Lakota Woman,,,"Brave Bird, Mary",,Mary Brave Bird,Sicangu Lakota,Sicangu Lakota (per alchetron.com/Mary-Brave-Bird),,Sicangu,Sicangu,,,,,,,Harper Perennial,,Harper Perennial,1990,History - North America; Arts; Literature; Worldview; Knowledge Keeping; Women; Elders,CU-CX; W; Y; T; P; PW; PE,en,9780802145420
,,,,,,,,,Rosebud Sioux Tribe,"Citizen of Rosebud Sioux Tribe. Known as Mary Brave Bird and Mary Crow Dog,  (per alchetron.com/Mary-Brave-Bird)",,Rosebud Sioux Tribe,Rosebud Sioux Tribe,,,,,,,,,,,,,,
Book012,"Clearing the Plains: Disease, Politics of Starvation, and the Loss of Indigenous Life",,,,,"Daschuk, James W.","Daschuk, James W. (James William), 1961-",,,,,,,Canadians,Canadians,Bio per cbc.ca/books/clearing-the-plains-by-james-daschuk-1.6863578,,,,University of Regina Press,,University of Regina Press,2019,"History - North America; History - Canada; Health; Development, Law, Governance; Rights & Title",CU-CX; CA-CG; F-K; M,en,9780889776227
Book013,God is Red: A Native View of Religion,,God Is Red,,,"Deloria, Jr., Vine","Deloria, Vine, Jr",,Standing Rock Sioux Tribe,Member of Standing Rock Sioux (per ebsco.com/research-starters/biography/vine-deloria-jr),,Standing Rock Sioux Tribe,,,,,,,,Fulcrum Publishing,,Fulcrum Publishing,2003,History - North America; Arts; Literature; Worldview; Knowledge Keeping; Elders,CU-CX; W; Y; T; P; PE,en,9781555919047
Book014,When My Brother Was an Aztec,,,,,"Diaz, Natalie",,Natalie Diaz,Pipa Aha Macav,"Born in the Fort Mojave Indian Village in Needles, Ca. She is Mojave community.poetryfoundation.org/poets/natalie-diaz. Per source, ""Mojave Indians are Pipa Aha Macav — “The People By The River.” Mojave culture traces the earthly origins of its people to Spirit Mountain, the highest peak in the Newberry Mountains, located northwest of the present reservation inside the Lake Mead National Recreation Area"". (fortmojaveindiantribe.com/about-us)",,Pipa Aha Macav,,,,,,,,Copper Canyon Press,,Copper Canyon Press,2012,"Knowledge Keeping; Worldview; Arts, Literature",P; T; W; Y,en,9781556593833
,,,,,,,,,Gila River Indian Community,Enrolled member of the Gila River Indian Member of the Gila River Indian (per community.poetryfoundation.org/poets/natalie-diaz),,Gila River Indian Community,,,,,,,,,,,,,,,
Book015,Mandu'a ne'e poty ,,,Memorias poeticas,,"Duarte Portillo, Alba Eiragi ","Duarte Portillo, Alba Eiragi",,Ava guaraníes,"Ava guaraníes, maternal side (per imsouthamerican.com/wr/alba-eiragui-duarteper) ",,,Ava guaraníes,,,,,,,Arandurã Editoria,,,2024,Literature; Arts; Languages; Guaraní peoples; Paraguay,W; Y; X,nhd,9789998966192
,,,,,,,,,Aché people,"Aché, paternal side (per imsouthamerican.com/wr/alba-eiragui-duarteper) ",,,Aché people,,,,,,,,,,,,,es,
Book016,Healing the soul wound: Counseling with American Indians and other Native people. Second Edition,,,,,"Durán, Eduardo 1949-","Durán, Eduardo 1949-....",,Apache,Apache (per zmm.org/podcast/decolonizing-awakening-on-turtle-mountain-interview-with-ed-duran),,,Apache,,,,,,,Teachers College Press,,Teachers College Press,2019,Health; History - North America,S; CA-CX,en,9780807763155
,,,,,,,,,Tewa,Tewa (per zmm.org/podcast/decolonizing-awakening-on-turtle-mountain-interview-with-ed-duran),,,Tewa people,,,,,,,,,,,,,,
,,,,,,,,,Lakota,Lakota (per zmm.org/podcast/decolonizing-awakening-on-turtle-mountain-interview-with-ed-duran),,,Lakota people,,,,,,,,,,,,,,
Book017,"You Are the Medicine: 13 Moons of Indigenous Wisdom, Ancestral Connection and Animal Spirit Guidance",,,,,"Frost, Asha","Frost, Asha",,Neyaashiinigmiig,"Literal is employed to ensure alignment with the author's self-identification and preserve their indigeneity per the biographical record. This approach is utilized over external identifiers (e.g., Wikidata URIs) because available URIs do not accurately reflect the specific identity documented in the source. Holds membership at Neyaashiinigmiig (Cape Croker) First Nation speakerscanada.com/keynote-speaker/asha-frost. Per source, ""Cape Croker Indian Reserve... was officially named “Neyaashiinigmiing” on January 21, 1992. It means “point of land surrounded on three side by water.” nawash.ca/about-chippewas-of-nawash. Per source ""Chippewas of Nawash Unceded First Nation (Ojibwe: Neyaashiinigmiing Anishinaabek) is an Anishinaabek First Nation from the Bruce Peninsula region in Ontario, Canada. Along with the Saugeen First Nation, they form the Saugeen Ojibway Nation. The Chippewas of Nawash Unceded First Nation currently has a registered membership of 2758 individuals, as of December, 2020. Approximately 700 members live on the main reserve, Neyaashiinigmiing 27 (formerly known as Cape Croker). The First Nation has 3 reserves, Neyaashiinigmiing 27, Cape Croker Hunting Ground 60B and Saugeen and Cape Croker Fishing Islands 1. The size of all reserves is 8083.70 hectares (31.21 sq. mi.)"" whose.land/en/communities/chippewas-of-nawash-unceded-first-nation.",,,,,,,,,,Hay House,,Hay House,2022,Health; Worldview,S; T,en,9781401963507
,,,,,,,,,Ajijaak Dodem,"Literal is employed to ensure alignment with the author's self-identification and preserve their indigeneity per the biographical record. This approach is utilized over external identifiers (e.g., Wikidata URIs) because available URIs do not accurately reflect the specific identity documented in the source.

Raised on the traditional territories of the Anishinaabe, Huron-Wendat, and Haudenosaunee; heritage is deeply tied to the First Nations of Ontario, Canada (speakerscanada.com). Member of the Crane Clan (Ajijaak Dodem), one of the seven original clans representing (speakerscanada.com; saulttribe.com; thecanadianencyclopedia.ca).",,,,,,,,,,,,,,,,,
Book018,Medicine Unbundled a Journey Through the Minefields of Indigenous Health Care,,,,,"Geddes, Gary",,Gary Geddes,,,,,,Canadians,Canadians,Per bio on writersunion.ca/member/gary-geddes,,,,Canadian Heritage Publications,Canadian Heritage Publications,,2017,"History - Canada; Health; Development, Law, Governance; Rights & Title",CA-CG; S; F-K; M,en,9781772031645
Book019,Impressoes de leitura do texto literario ,,,,,"Grauna, Graca","Graúna, Graça",,Potiguara people,Potiguara of Brazil (per latinamericanliteraturetoday.org/lal_author/graca-grauna),,,Potiguara people,,,,,,,Companhia das Letras ,,Companhia das Letras,2016,Arts; Worldview; Knowledge Keeping; Education; Potiguara; Brazil,W; T; P; E,pt,9788543810218
,,,,,,,,,Tupí people,Tupí speaking tribe of Brazil (per latinamericanliteraturetoday.org/lal_author/graca-grauna) ,,,Tupí people,,,,,,,,,,,,,,
Book020,"Alfabeto mazateco: Variantes dialectales de San Pedro Ixcatlan, San Miguel Soyaltepec, Jalapa de Diaz y San Jose Independencia",,,,,"Gregorio Regino, Juan","Regino, Juan Gregorio, 1962-...",,Mazatec people,Mazatec (per jstor.org.libdata.lib.ua.edu/stable/4139050),,,Mazatec people,,,,,,,Instituto Oaxaqueño de las Culturas,Instituto Oaxaqueño de las Culturas,,1993,Languages (Mazatec); Worldview; Knowledge Keeping (Mazatec),X; T; P,es,9686951067
Book021,Medicine Wheel for the Planet: A Journey toward Personal and Ecological Healing,,,,,"Grenz, Jennifer","Grenz, Jennifer",,Nlaka'pamux,Nlaka‘pamux woman of mixed ancestry (per forestry.ubc.ca/faculty-profile/jennifer-grenz),,,Nlaka'pamux,,,,,,,University of Minnesota Press,,University of Minnesota Press,2024,Interior Salish; Nlaka'pamux (Thompson); History - Canada,BK; BKN; CA-CG,en,9781517916466
,,,,,,,,,Lytton First Nation,Family comes from the Lytton First Nation (she grew up on the coast of BC) (per forestry.ubc.ca/faculty-profile/jennifer-grenz),Lytton First Nation,,,,,,,,,,,,,,,,
Book022,Poet Warrior,,,,,"Harjo, Joy ","Harjo, Joy",,Mvskoke Nation,"Citizen of the Mvskoke Nation (per womenshistory.org/education-resources/biographies/joy-harjo). This entry utilizes the Muscogee [(Creek) Nation] Wikidata URI to provide linked data connectivity. The wd:URI includes the updated term ""Mvskoke,"" under the heading. The literal string is maintained to ensure alignment of Mvskoke Nation with the author’s indigeneity (per womenshistory.org).",,,Muscogee (Creek) Nation,,,,,,,W. W. Norton & Company American publishing company,,W. W. Norton & Company,2021,Arts; Literature; Worldview; Knowledge Keeping; Women,W; Y; T; P; PW,en,9781324022015
,,,,,,,,,Oce Vpofv,"Belongs to Oce Vpofv (Hickory Ground). This entry employs the Hickory Ground wd:URI for linked data connectivity. Although the Wikidata entry includes accurate phonetic updates (e.g., Otciapofa, Oce Vpofa), the specific term Oce Vpofv is maintained as a literal to preserve the precise orthography and indigeneity of the bio record where an exact URI match for Oce Vpofv is unavailable. Additionally, there are similar sub terms under the heading in the Hickory Ground wd entry (womenshistory.org/education-resources/biographies/joy-harjo).",,Hickory Ground,,,,,,,,,,,,,,,
,,,,,,,,,Monahwee,Seventh-generation Monahwee (per womenshistory.org/education-resources/biographies/joy-harjo),,,,,,,,,,,,,,,,,
Book023,Growing Papaya Trees: Nurturing Indigenous Roots During Climate Displacement,,,,,"Hernandez, Jessica, 1990-","Hernandez, Jessica, 1990-",,Zapotec,"Binniza; Zapotec; Maya Ch'orti (per jessicabhernandez.com) This entry employs the Zapotec wd:URI (e.g., Q13317) to provide linked data connectivity for both ""Zapotec"" and the Spanish endonym Binnizá. The Wikidata entry includes a wide array of linguistic and phonetic variants (e.g., Be'ena'a, Ben 'Zaa, Didxazá, Za), the specific term Binnizá is maintained as a literal to ensure alignment with the author’s self-identification. This approach preserves the precise indigeneity of the biographical record where a exact URI match for the primary endonym is unavailable.",,,Zapotec,,,,,,,Michigan State University Press,,Michigan State University Press,2025,Knowledge Keeping; Indigenous Central American; Zapotec,P,en,9798889840978
,,,,,,,,,Chortis,Maya Ch'orti (per jessicabhernandez.com) This entry employs the Chortis wd:URI to provide linked data connectivity. The subheading Chʼortiʼ Maya is included in the wd:URI.,,,Chortis,,,,,,,,,,,,,,
Book024,O presente de Jaxy Jatere,,O presente de Jaxy Jaterê,,,"Jekupe, Olivio ","Jekupé, Olívio",,Tupi–Guarani peoples,Tupí-Ruaraní of Brazil (per elfikurten.com.br/2021/12/olivio-jekupe.html),,,Tupi–Guarani peoples,,,,"Junqueira, Fran","Junqueira, Fran",,"Panda books (Toronto, Ont.)",,,2017,Languages; Arts; Worldview; Knowledge Keeping; Women; Guarani,X; W; T; P; PW; YT-YUE,gun,9788578883614
,,,,,,,,,,,,,,,,,"Mirim, Wera Jeguaka","Mirim, Werá Jeguaka",,,,,,,,pt,
Book025,Held by the Land: a Guide to Indigenous Plants for Wellness,,,,,Leigh Joseph (Styawat),"Joseph, Leigh",,Skwxwú7mesh,Member of the Skwxwú7mesh (Squamish) First Nation leighjoseph.com/about,Squamish Nation,,,,,,,,,Quarto Group,,Quarto Group,2023,Ethnobotany; History - North America,SN; CU-CX,en,9781577152941
Book026,Bad Indians Book Club: Reading at the Edge of a Thousand Worlds,,,,,"Krawec, Patty","Krawec, Patty, 19..-....",,Anishinaabe,Anishinaabe/Ukrainian writer and speaker (per transatlanticagency.com/clients/speakers/patty-krawec). Was unable to find Ukrainian ancestry in wikidata. Was able to find 'Ukrainian'. See collision notes for 'Ukrainian'. ,,,Anishinaabe,,,,,,,Augsburg Fortress Publishers,,Augsburg Fortress Publishers,2025,Literature; Arts; History - North America,Y; W; CU-CX,en,9781773104614
,,,,,,,,,,,,,,,,,,,,,,,,,,,
,,,,,,,,,Ukrainians,Ukrainian ancestry was not an option in Wikidata (Ukrainian was included per transatlanticagency.com/clients/speakers/patty-krawec).,,,Ukrainians,,,,,,,,,,,,,,
,,,,,,,,,Lac Seul First Nation,Belonging to Lac Seul First Nation in Treaty 3 territory and residing in Niagara Falls,Lac Seul First Nation,,,,,,,,,,,,,,,,
Book027,Ideias para adiar o fim do mundo ,"Krenak, Ailton,. | Ideias para adiar o fim do mundo",,Ideas to postpone the end of the world,Ideas to Postpone the End of the World,"Krenak, Ailton ","Krenak, Ailton, 1953-",,Krenak,Krenak (Crenaque) people of Brazil per companhiadasletras.com.br/livro/9788535933581/ideias-para-adiar-o-fim-do-mundo-nova-edicao,,,Crenaques,,,,"Doyle, Anthony ",,,Companhia das Letras ,,Companhia das Letras,2019,Worldview; Knowledge Keeping; Literature,T; P; Y,pt,9788554514204
,,,,,,,,,,,,,,,,,,,,,,,,,,en,
Book028,Watershed: Attending to Body and Earth in Distress,,,,,"Lenor Hanson, Ranae","Hanson, Ranae",,,,,,,Finnish Americans,Finnish Americans,Finnish Americans bio (per ranaehanson.com/ancestral-writing-and-response),,,,University of Minnesota Press,,University of Minnesota Press,2021,Environment; Worldview,N; T,en,9781517910976
Book029,Distorted Descent: White Claims to Indigenous Identity,,Distorted Descent: White Claims to Indigenous Identity,,,"Leroux, Darryl","Leroux, Darryl, 1978-....",,,,,,,French Canadians,French Canadians,French Canadian per uofmpress.ca/books/authors/darryl-leroux,,,,University of Minnesota Press,,University of Minnesota Press,2019,History - Canada; Rights & Title,CA-CG; M,en,9780887558979
Book030,Decolonizing Trauma Work: Indigenous Stories and Strategies,,,,,"Linklater, Renee","Linklater, Renee, 1969-",,Rainy River First Nations,Member of Rainy River First Nations in Northwestern Ontario fernwoodpublishing.ca/authors/view/renee-linklater,Rainy River First Nations,,,,,,,,,Fernwood Publishing,,Fernwood Publishing,2014,"Health; Development, Law, Governance; Rights & Title",S; F-K; M,en,9781773633848
Book031,The Seven Circles: Indigenous Teachings for Living Well,,,,,"Luger, Chelsey","Luger, Chelsey",,Turtle Mountain Band of Chippewa Indians,Enrolled citizen of Turtle Mountain Band of Chippewa (maternal) (per elenabrower.com/episode-217-chelsey-luger),,Turtle Mountain Band of Chippewa Indians,,,,,,,,HarperCollins,,HarperCollins,2022,History - North America; Health,CA-CX; S,en,9780063119208
,,,,,,,,,Lakota people,Lakota from Cheyenne River and Standing Rock (paternal) (per elenabrower.com/episode-217-chelsey-luger),,,Lakota people,,,,,,,,,,,,,,
,,,,,,,,,Cheyenne River Sioux people,From Cheyenne River (paternal) (per elenabrower.com/episode-217-chelsey-luger),,Cheyenne River Sioux Tribe,,,,,,,,,,,,,,,
,,,,,,,,,Standing Rock Sioux Tribe,From Standing Rock (paternal) (per elenabrower.com/episode-217-chelsey-luger),,Standing Rock Sioux Tribe,,,,,,,,,,,,,,,
Book032,Heart berries: A memoir,,Heart Berries,,,"Mailhot, Terese Marie","Mailhot, Terese Marie",,Nlaka'pamux,Member of the Nlaka'pamux (per thebcreview.ca/2019/09/18/617-escape-from-seabird-island),,,Nlaka'pamux,,,,,,,Counterpoint Press,,Counterpoint Press,2018,"Development, Law, Governance; Rights & Title; History - Canada; Nlaka'pamux; Interior Salish language",F-K; M; CA-CG; BKN; BK,en,9781640091603
,,,,,,,,,Interior Salish,"Member of the Nlaka'pamux, part of the First Nations people of the Interior Salish language group in southern British Columbia, Canada (per thebcreview.ca/2019/09/18/617-escape-from-seabird-island)",,,Interior Salish,,,,,,,,,,,,,,
Book033,Mankiller: A Chief and Her People: An Autobiography by the Principal Chief of the Cherokee Nation ,,,,,"Mankiller, Wilma","Mankiller, Wilma Pearl",,Cherokee Nation,Cherokee Nation (paternal) (per plainshumanities.unl.edu/encyclopedia/doc/egp.na.062.html),,Cherokee Nation,,,,,,,,St. Martin's Griffin,,St. Martin's Griffin,1993,"History - Canada; Worldview; Development, Law, Governance; Rights & Title; Women",CA-CG; T; F-K; M; PW,en,9780312206628
,,,,,,,,,Dutch Americans,Dutch (maternal) (per plainshumanities.unl.edu/encyclopedia/doc/egp.na.062.html),,,Dutch Americans,,,,,,,,,,,,,,
,,,,,,,,,Irish Americans,Irish (maternal) (per plainshumanities.unl.edu/encyclopedia/doc/egp.na.062.html),,,Irish Americans,,,,,,,,,,,,,,
,,,,,,,,,English Americans,English (maternal) (per plainshumanities.unl.edu/encyclopedia/doc/egp.na.062.html),,,English Americans,,,,,,,,,,,,,,
Book034,Me llamo Rigoberta Menchú y así me nació la conciencia,,Me llamo Rigoberta Menchú y así me nació la conciencia,"I, Rigoberta Menchu: An Indian Woman in Guatemala",,"Menchu Tum, Rigoberta ","Menchú, Rigoberta, 1959-",,Mayan k’iche',Mayan k’iche' )per nobelwomensinitiative.org/rigobertamenchutum),,,Kʼicheʼ,,,,"Burgos-Debray, Elisabeth",,Elizabeth Burgos,Verso Books,,Verso Books,2024,Arts; Literature; Worldview; Knowledge Keeping; Women,W; Y; T; P; PW,es,9781844674183
,,,,,,,,,,,,,,,,,"Wright, Ann ",,,,,,,,,,
Book035,"Legacy: Trauma, Story, and Indigenous Healing ",,,,,"Methot, Suzanne","Methot, Suzanne",,Nehiyaw (Cree) Nation,Nehiyaw (Cree) Nation (per strongnations.com/gs/show.php?gs=3&gsd=6356),,,Plains Cree,,,,,,,ECW Press,,ECW Press,2019,Health; Indigenous Contemporary Issues; History - Canada; Teen Books;  Depression and Anxiety,S; CA-CG,en,9781773052977
Book036,ex machina,,,,,"Naviyuk Kane, Joan  ","Kane, Joan Naviyuk",,Iñupiaq,"Iñupiaq member and grew up in Anchorage, Alaska, with family from King Island and Mary’s Igloo, AK per .poetryfoundation.org/poets/joan-kane",,,Iñupiaq people,,,,,,,Staircase Books,,,2023,Inuit; History - North America; Arts; Literature; Worldview; Knowledge Keeping; Women,DC; CU-CX; T; P; PW,en,9781960769008
Book037,Medicine River: A Story of Survival and the Legacy of Indian Boarding Schools,,,,,"Pember, Mary Annette ","Pember, Mary Annette",,Red Cliff Band of Wisconsin Ojibwe,Enrolled citizen of the Red Cliff Band of Wisconsin Ojibwe tribe per midwestclimatecollaborative.wustl.edu/people/mary-annette-pember,,Red Cliff Band of Lake Superior Chippewa,,,,,,,,Penguin Random House,,Penguin Random House,2025,Residential School; History - North America,ER; CU-CX,en,9798217066018
Book038,The Science of the Sacred: Bridging Global Indigenous Medicine Systems and Modern Scientific Principles,,,,,"Redvers, Nicole","Redvers, Nicole",,Deninu Kųę́ First Nation,Member of Deninu Kųę́ First Nation (Northwest Territories) per indigenous.uwo.ca/AboutUs/faculty/Nicole_Redvers.html,Deninu Kųę́ First Nation,,,,,,,,,North Atlantic Books,,North Atlantic Books,2019,History - Canada; Health,"CA-CG, S",en,9781623173371
Book039,The Knowledge Seeker: Embracing Indigenous Spirituality,,"The Knowledge Seeker: Embracing Indigenous Spirituality by Blair Stonechild. Regina, Canada: University of Regina Press, 2016. 244 pp. ISBN-10: 088977417X",,,"Stonechild, Blair","Stonechild, Blair",,Muscowpetung First Nation,Member of the Muscowpetung First Nation in Saskatchewan strongnations.com/gs/show.php?gs=3&gsd=3866,Muscowpetung First Nation,,,,,,,,,University of Regina Press,,University of Regina Press,2016,Worldview,T,en,9780889774186
Book040,Seven Arrows,,Religion: Seven Arrows. HYEMEYOHSTS STORM,,,"Storm, Hyemeyohsts","Storm, Hyemeyohsts.",,Northern Cheyenne Tribe in Montana,Northern Cheyenne Tribe in Montana per  ipl.org/div/natam/bin/browse.pl/A94,,Northern Cheyenne Tribe,,,,,,,,Ballantine Books,,Ballantine Books,1972,History - Canada; Worldview,CA-CG; T,en,9780060141349
Book041,Being Again of One Mind Oneida Women and the Struggle for Decolonization,,,,,"Sunseri, Lina","Sunseri, Lina",,Oneida Nation of the Thames,"Member of the Oneida Nation of the Thames, of the Turtle Clan and Italian ancestry (paternal) and lived in Italy for 10 years of her childhood per sociology.uwo.ca/people/profiles/Sunseri.html",Oneida Nation of the Thames,,,,,,,,,University of British Columbia Press,,University of British Columbia Press,2010,"Women; Rights & Title; Development, Law, Goverance; History - North America",PW; M; F-K; CU-CX,en,9780774819350
,,,,,,,,,Turtle Clan,Member of the Turtle Clan (per sociology.uwo.ca/people/profiles/Sunseri.html). Left as literal due to unclear representation in Wikidata.,,,,,,,,,,,,,,,,,
,,,,,,,,,Italian ancestry,Italian ancestry (paternal) and lived in Italy for 10 years of her childhood (per sociology.uwo.ca/people/profiles/Sunseri.html),,,Italians,,,,,,,,,,,,,,
Book042,All Our Relations,,All Our Relations: Native Struggles for Land and Life,,,"Talaga, Tanya","Talaga, Tanya.",,Anishinaabe,Anishinaabe (maternal); (per confederationcentre.com/wp-content/uploads/2023/08/Talaga-Tanya-Web-Bio.pdf),,,Anishinaabe,,,,,,,House of Anansi Press,,House of Anansi Press,2018,History - Canada; Health,CA-CG; S,en,9781608466290
,,,,,,,,,Polish Canadians,Polish-Canadian (paternal) (per confederationcentre.com/wp-content/uploads/2023/08/Talaga-Tanya-Web-Bio.pdf),,,Polish Canadians,,,,,,,,,,,,,,
,,,,,,,,,Fort William First Nation,"Member of Fort William First Nation, in the Robinson-Superior Treaty territory (per confederationcentre.com/wp-content/uploads/2023/08/Talaga-Tanya-Web-Bio.pdf)",Fort William First Nation,,,,,,,,,,,,,,,,
Book043,Father / Genocide,,,,,"Tamez, Margo","Tamez, Margo",,Lipan Apache Band of Texas,"Tribally enrolled Lipan Apache Band of Texas, an organization that does not have federal or state recognition, who are of the greater Dene Nation currently trifurcated by the Canada-US and US-Mexico settler borders per margotamez.com",Lipan Apache Band of Texas,,,,,,,,,Turtle Point Press,,Turtle Point Press,2021,Arts;  Worldview; Knowledge Keeping; Women,W; T; P; PW,en,9781933527048
Book044,Guendaguti nee Sisi,"Toledo, Natalia. | Guendaguti ñee sisi | Zapotec 2005",,La Muerte de Pies Ligeros,,"Toledo, Natalia ","Toledo, Natalia, 1967-....",,Zapotec,"Zapotec of Juchitan of Oaxaca, Mexico per calendar.umd.edu/visit-by-mexican-poet-natalia-toledo-2",,,Zapotec,,,,,,,Fondo de Cultura Económica,,Fondo de Cultura Económica,2006,Languages; Arts; Literature; Worldview; Knowledge Keeping,X; W; Y; T; P,zap,9789681676711
,,,,,,,,,,,,,,,,,,,,,,,,,,es,
Book045,Decolonizing Methodologies: Research and Indigenous Peoples,,Decolonizing Methodologies,,,"Tuhiwai Smith, Linda","Tuhiwai Smith, Linda",,Māori,Maori; Ngati Porou iwi (maternal); Ngati Awa iwi (paternal) and Tuhourangi iwi (tribe) per uwinnipeg.ca/awards-distinctions/honorary-doctorate/tuhiwai-smith.html,,,Māori,,,,,,,Zed Books,,Zed Books,1999,"Maori; Education; Worldview; Development, Law, Governance; Rights & Title; ",DM; E; T; F-K; M,en,9781848139503
,,,,,,,,,Ngāti Porou ki Hauraki,Ngati Porou iwi (maternal) (per uwinnipeg.ca/awards-distinctions/honorary-doctorate/tuhiwai-smith.html),,,Ngāti Porou ki Hauraki,,,,,,,,,,,,,,
,,,,,,,,,Ngāti Awa,Ngati Awa iwi (paternal)(per uwinnipeg.ca/awards-distinctions/honorary-doctorate/tuhiwai-smith.html),,,Ngāti Awa,,,,,,,,,,,,,,
,,,,,,,,,Tūhourangi,Tuhourangi iwi (tribe) (per uwinnipeg.ca/awards-distinctions/honorary-doctorate/tuhiwai-smith.html),,,Tūhourangi,,,,,,,,,,,,,,
Book046,One Drum: Stories and Ceremonies for a Planet,,,,,"Wagamese, Richard","Wagamese, Richard",,Wabaseemoong Independent Nations,Wabaseemoong Independent Nations of the Ojibwe First Nation (per thecanadianencyclopedia.ca/en/article/richard-wagamese),Wabaseemoong Independent Nations,,,,,,,,,Douglas & McIntyre,,Douglas & McIntyre,2019,"Arts, Music, Dance; Health; Ojibwe peoples",W; S,en,9781771622295
Book047,"Braiding Sweetgrass: Indigenous Wisdom, Scientific Knowledge, and the Teachings of Plants","Kimmerer, Robin Wall. | Braiding sweetgrass. | Català",,,,"Wall Kimmerer, Robin ","Wall Kimmerer, Robin",,Citizen Potawatomi Nation,Enrolled citizen of the Citizen Potawatomi Nation (per robinwallkimmerer.com),,Citizen Potawatomi Nation,,,,,,,,Milkweed Editions,,Milkweed Editions,2015,Knowledge Keeping; Environment; Science; Worldview,P; N; E; T,en,9781571313560
Book048,The Right to Be Cold: One Woman's Fight to Protect the Arctic and Save the Planet from Climate Change,"Watt-Cloutier, Sheila,. | Right to be cold : one woman's fight to protect the arctic and save the planet from climate change",,,,"Watt-Cloutier, Sheila ","Watt-Cloutier, Sheila",,Inuit,Sheila Watt-Cloutier lived a traditional Inuit life until the age of 10 (per uwinnipeg.ca/awards-distinctions/honorary-doctorate/cloutier.html),,Inuit in Canada,,,,,,,,University of Minnesota Press,,University of Minnesota Press,2018,Environment; Inuit women; History - Canada,N; DC; PW; CA-CG ,en,9781517904975
Book049,"Who We Are Becoming Matters: The Courage, Wisdom, and Aloha We Need in a Timeplace of Collapse",,,,,"Wong, Norma","Wong, Norma",,Native Hawaiians,Native Hawaiian (per normawong.com/about),,,Native Hawaiians,,,,,,,North Atlantic Books,,North Atlantic Books,2026,Indigenous Hawaiian; Knowledge Keeping,P,en,9798889843214
,,,,,,,,,Hakka,Hakka (per normawong.com/about),,,Hakka people,,,,,,,,,,,,,,
Book050,Kurumi Guare no Coracao da Amazonia,,,,,"Yamã, Yaguarê","Yamã, Yaguarê",,Maraguás,Maraguá (maternal) (per museudapessoa.org/historia-de-vida/o-sater-escritor),,Maraguás,,,,,,,,Editora FTD,,Editora FTD,2007,Arts; Literature; Worldview; Knowledge Keeping; Women,W; Y; T; P; PW; YT-YUE,pt,9788532262189
,,,,,,,,,Satere-Mawé ,Satere-Mawé (paternal) (per museudapessoa.org/historia-de-vida/o-sater-escritor),,,Mawé people,,,,,,,,,,,,,,